ProductID,Category,Sub-Category,ProductName
PROD-0001,Office Supplies,Paper,Cultural Paper
PROD-0002,Furniture,Tables,Picture Tables
PROD-0003,Technology,Copiers,Record Copiers
PROD-0004,Technology,Machines,Thought Machines
PROD-0005,Technology,Phones,Institution Phones
PROD-0006,Furniture,Chairs,What Chairs
PROD-0007,Furniture,Furnishings,Rock Furnishings
PROD-0008,Technology,Machines,Question Machines
PROD-0009,Technology,Accessories,Join Accessories
PROD-0010,Office Supplies,Storage,Set Storage
PROD-0011,Furniture,Bookcases,Work Bookcases
PROD-0012,Furniture,Chairs,Edge Chairs
PROD-0013,Technology,Machines,Soon Machines
PROD-0014,Technology,Accessories,Conference Accessories
PROD-0015,Furniture,Furnishings,Plant Furnishings
PROD-0016,Furniture,Chairs,Feel Chairs
PROD-0017,Office Supplies,Binders,Sure Binders
PROD-0018,Office Supplies,Binders,Agent Binders
PROD-0019,Technology,Accessories,War Accessories
PROD-0020,Office Supplies,Appliances,Need Appliances
PROD-0021,Furniture,Chairs,Reflect Chairs
PROD-0022,Technology,Phones,You Phones
PROD-0023,Furniture,Bookcases,Collection Bookcases
PROD-0024,Office Supplies,Binders,Provide Binders
PROD-0025,Technology,Accessories,Memory Accessories
PROD-0026,Technology,Accessories,Mr Accessories
PROD-0027,Furniture,Bookcases,Himself Bookcases
PROD-0028,Technology,Machines,Choose Machines
PROD-0029,Technology,Machines,Box Machines
PROD-0030,Technology,Copiers,About Copiers
PROD-0031,Furniture,Bookcases,Of Bookcases
PROD-0032,Technology,Machines,Special Machines
PROD-0033,Technology,Accessories,Case Accessories
PROD-0034,Technology,Phones,Management Phones
PROD-0035,Office Supplies,Binders,Once Binders
PROD-0036,Office Supplies,Binders,Bar Binders
PROD-0037,Furniture,Tables,President Tables
PROD-0038,Furniture,Tables,Various Tables
PROD-0039,Furniture,Tables,Ten Tables
PROD-0040,Office Supplies,Storage,Wind Storage
PROD-0041,Office Supplies,Appliances,By Appliances
PROD-0042,Furniture,Furnishings,Beat Furnishings
PROD-0043,Furniture,Chairs,Employee Chairs
PROD-0044,Office Supplies,Appliances,Practice Appliances
PROD-0045,Furniture,Tables,Actually Tables
PROD-0046,Technology,Accessories,Message Accessories
PROD-0047,Office Supplies,Paper,Huge Paper
PROD-0048,Furniture,Bookcases,Imagine Bookcases
PROD-0049,Furniture,Bookcases,Find Bookcases
PROD-0050,Furniture,Furnishings,Everybody Furnishings
PROD-0051,Office Supplies,Paper,Bar Paper
PROD-0052,Technology,Phones,Protect Phones
PROD-0053,Office Supplies,Appliances,Outside Appliances
PROD-0054,Office Supplies,Appliances,Until Appliances
PROD-0055,Office Supplies,Binders,Father Binders
PROD-0056,Technology,Accessories,Cultural Accessories
PROD-0057,Technology,Accessories,Stop Accessories
PROD-0058,Office Supplies,Binders,Hot Binders
PROD-0059,Office Supplies,Binders,Eat Binders
PROD-0060,Furniture,Chairs,Usually Chairs
PROD-0061,Technology,Phones,Style Phones
PROD-0062,Office Supplies,Appliances,Way Appliances
PROD-0063,Furniture,Furnishings,Past Furnishings
PROD-0064,Technology,Copiers,Me Copiers
PROD-0065,Furniture,Furnishings,Decision Furnishings
PROD-0066,Furniture,Chairs,Group Chairs
PROD-0067,Technology,Accessories,Company Accessories
PROD-0068,Technology,Phones,Sign Phones
PROD-0069,Office Supplies,Paper,Themselves Paper
PROD-0070,Office Supplies,Paper,Performance Paper
PROD-0071,Technology,Copiers,Policy Copiers
PROD-0072,Technology,Copiers,Improve Copiers
PROD-0073,Technology,Phones,Experience Phones
PROD-0074,Office Supplies,Storage,Culture Storage
PROD-0075,Technology,Phones,Manager Phones
PROD-0076,Office Supplies,Paper,Shoulder Paper
PROD-0077,Furniture,Tables,Single Tables
PROD-0078,Furniture,Chairs,There Chairs
PROD-0079,Technology,Machines,Friend Machines
PROD-0080,Office Supplies,Paper,Else Paper
PROD-0081,Furniture,Bookcases,Recognize Bookcases
PROD-0082,Furniture,Chairs,Firm Chairs
PROD-0083,Office Supplies,Storage,Cause Storage
PROD-0084,Technology,Accessories,General Accessories
PROD-0085,Technology,Accessories,Police Accessories
PROD-0086,Furniture,Tables,Someone Tables
PROD-0087,Furniture,Chairs,Operation Chairs
PROD-0088,Furniture,Chairs,Hit Chairs
PROD-0089,Furniture,Furnishings,Third Furnishings
PROD-0090,Furniture,Furnishings,Hand Furnishings
PROD-0091,Technology,Phones,Stand Phones
PROD-0092,Office Supplies,Storage,Doctor Storage
PROD-0093,Furniture,Furnishings,Page Furnishings
PROD-0094,Furniture,Tables,Garden Tables
PROD-0095,Technology,Phones,Tax Phones
PROD-0096,Office Supplies,Storage,Glass Storage
PROD-0097,Office Supplies,Binders,Question Binders
PROD-0098,Office Supplies,Storage,National Storage
PROD-0099,Office Supplies,Paper,Successful Paper
PROD-0100,Office Supplies,Binders,Step Binders
PROD-0101,Technology,Phones,Wind Phones
PROD-0102,Technology,Copiers,Miss Copiers
PROD-0103,Office Supplies,Storage,Near Storage
PROD-0104,Furniture,Tables,Network Tables
PROD-0105,Office Supplies,Appliances,Prove Appliances
PROD-0106,Office Supplies,Appliances,Chair Appliances
PROD-0107,Office Supplies,Storage,Conference Storage
PROD-0108,Technology,Machines,Religious Machines
PROD-0109,Office Supplies,Binders,Assume Binders
PROD-0110,Furniture,Tables,Democrat Tables
PROD-0111,Office Supplies,Binders,Pick Binders
PROD-0112,Furniture,Tables,Series Tables
PROD-0113,Office Supplies,Appliances,Quite Appliances
PROD-0114,Furniture,Furnishings,Should Furnishings
PROD-0115,Office Supplies,Storage,Because Storage
PROD-0116,Furniture,Bookcases,Last Bookcases
PROD-0117,Furniture,Bookcases,Might Bookcases
PROD-0118,Furniture,Furnishings,Environmental Furnishings
PROD-0119,Office Supplies,Paper,Listen Paper
PROD-0120,Office Supplies,Binders,Hard Binders
PROD-0121,Furniture,Furnishings,Space Furnishings
PROD-0122,Furniture,Chairs,Fear Chairs
PROD-0123,Furniture,Bookcases,Raise Bookcases
PROD-0124,Technology,Phones,Blood Phones
PROD-0125,Office Supplies,Storage,Opportunity Storage
PROD-0126,Technology,Accessories,Rule Accessories
PROD-0127,Furniture,Tables,Eat Tables
PROD-0128,Furniture,Furnishings,Pay Furnishings
PROD-0129,Furniture,Furnishings,Quickly Furnishings
PROD-0130,Furniture,Tables,Single Tables
PROD-0131,Furniture,Bookcases,Thousand Bookcases
PROD-0132,Office Supplies,Storage,Brother Storage
PROD-0133,Furniture,Tables,Everyone Tables
PROD-0134,Technology,Copiers,Success Copiers
PROD-0135,Office Supplies,Binders,Eye Binders
PROD-0136,Furniture,Furnishings,Finally Furnishings
PROD-0137,Furniture,Bookcases,Before Bookcases
PROD-0138,Office Supplies,Storage,Guy Storage
PROD-0139,Technology,Machines,Wish Machines
PROD-0140,Furniture,Chairs,So Chairs
PROD-0141,Technology,Accessories,Great Accessories
PROD-0142,Office Supplies,Binders,Other Binders
PROD-0143,Furniture,Chairs,Doctor Chairs
PROD-0144,Technology,Phones,Pressure Phones
PROD-0145,Technology,Copiers,Skin Copiers
PROD-0146,Furniture,Furnishings,Federal Furnishings
PROD-0147,Technology,Copiers,Toward Copiers
PROD-0148,Furniture,Tables,Weight Tables
PROD-0149,Office Supplies,Paper,Hope Paper
PROD-0150,Furniture,Tables,Majority Tables
PROD-0151,Furniture,Chairs,Important Chairs
PROD-0152,Furniture,Furnishings,Professor Furnishings
PROD-0153,Technology,Accessories,Anyone Accessories
PROD-0154,Furniture,Chairs,Us Chairs
PROD-0155,Technology,Copiers,Successful Copiers
PROD-0156,Technology,Accessories,Data Accessories
PROD-0157,Technology,Accessories,Tv Accessories
PROD-0158,Office Supplies,Binders,Safe Binders
PROD-0159,Technology,Phones,A Phones
PROD-0160,Technology,Accessories,It Accessories
PROD-0161,Technology,Copiers,You Copiers
PROD-0162,Furniture,Furnishings,Full Furnishings
PROD-0163,Office Supplies,Appliances,Wonder Appliances
PROD-0164,Furniture,Tables,Difficult Tables
PROD-0165,Technology,Accessories,Less Accessories
PROD-0166,Technology,Accessories,Speak Accessories
PROD-0167,Technology,Machines,Always Machines
PROD-0168,Furniture,Furnishings,Option Furnishings
PROD-0169,Furniture,Bookcases,Cut Bookcases
PROD-0170,Furniture,Bookcases,Usually Bookcases
PROD-0171,Office Supplies,Storage,Beautiful Storage
PROD-0172,Furniture,Bookcases,Painting Bookcases
PROD-0173,Technology,Accessories,Water Accessories
PROD-0174,Furniture,Bookcases,Medical Bookcases
PROD-0175,Furniture,Chairs,Baby Chairs
PROD-0176,Furniture,Furnishings,He Furnishings
PROD-0177,Furniture,Bookcases,Up Bookcases
PROD-0178,Furniture,Furnishings,Oil Furnishings
PROD-0179,Technology,Copiers,Dream Copiers
PROD-0180,Technology,Copiers,Mother Copiers
PROD-0181,Office Supplies,Appliances,Cold Appliances
PROD-0182,Office Supplies,Binders,Special Binders
PROD-0183,Technology,Phones,Stuff Phones
PROD-0184,Furniture,Tables,And Tables
PROD-0185,Furniture,Bookcases,Prove Bookcases
PROD-0186,Furniture,Chairs,Always Chairs
PROD-0187,Technology,Accessories,Prepare Accessories
PROD-0188,Office Supplies,Storage,Finish Storage
PROD-0189,Technology,Phones,Crime Phones
PROD-0190,Technology,Phones,Money Phones
PROD-0191,Office Supplies,Paper,Worry Paper
PROD-0192,Technology,Copiers,Together Copiers
PROD-0193,Technology,Accessories,Wall Accessories
PROD-0194,Technology,Accessories,Article Accessories
PROD-0195,Office Supplies,Binders,Four Binders
PROD-0196,Technology,Phones,Tonight Phones
PROD-0197,Technology,Phones,Situation Phones
PROD-0198,Office Supplies,Appliances,Could Appliances
PROD-0199,Office Supplies,Storage,Pattern Storage
PROD-0200,Office Supplies,Paper,Must Paper
